RACE_HISP,SEX,YEAR,TOTAL_DEATHS,DTH_0,DTH_1,DTH_2,DTH_3,DTH_4,DTH_5,DTH_6,DTH_7,DTH_8,DTH_9,DTH_10,DTH_11,DTH_12,DTH_13,DTH_14,DTH_15,DTH_16,DTH_17,DTH_18,DTH_19,DTH_20,DTH_21,DTH_22,DTH_23,DTH_24,DTH_25,DTH_26,DTH_27,DTH_28,DTH_29,DTH_30,DTH_31,DTH_32,DTH_33,DTH_34,DTH_35,DTH_36,DTH_37,DTH_38,DTH_39,DTH_40,DTH_41,DTH_42,DTH_43,DTH_44,DTH_45,DTH_46,DTH_47,DTH_48,DTH_49,DTH_50,DTH_51,DTH_52,DTH_53,DTH_54,DTH_55,DTH_56,DTH_57,DTH_58,DTH_59,DTH_60,DTH_61,DTH_62,DTH_63,DTH_64,DTH_65,DTH_66,DTH_67,DTH_68,DTH_69,DTH_70,DTH_71,DTH_72,DTH_73,DTH_74,DTH_75,DTH_76,DTH_77,DTH_78,DTH_79,DTH_80,DTH_81,DTH_82,DTH_83,DTH_84,DTH_85
0,0,2012,2521852,26428,1620,913,808,718,600,519,447,418,413,424,498,605,776,998,1284,1657,2086,2504,2927,3338,3630,3751,3766,3802,3866,3944,3962,4008,4145,4218,4396,4448,4401,4540,4675,4940,5267,5621,6255,7154,8047,8624,9094,9874,10947,12490,14158,15610,16953,18561,20352,21785,22998,24565,25777,27062,28307,29226,30242,31528,33187,35010,37214,40983,39430,36234,38631,41952,43286,42211,42990,44550,46479,48101,49801,52616,54058,55827,59585,63372,67518,70501,73057,76423,801866
0,0,2013,2552865,26513,1651,909,796,691,589,522,448,415,412,421,488,591,771,980,1273,1593,1989,2414,2827,3195,3533,3763,3828,3828,3835,3855,3951,3981,4046,4167,4272,4446,4505,4509,4661,4837,5143,5531,5923,6636,7595,8585,9229,9732,10571,11690,13299,15108,16564,17991,19610,21481,22901,24154,25750,27021,28360,29703,30663,31790,33179,35010,37002,39347,43299,41643,38264,40781,44340,45792,44693,45542,47191,49191,50873,52563,55464,56875,58632,62566,66152,70485,73395,75671,824380
0,0,2014,2583281,26436,1679,935,793,680,583,529,451,421,415,421,455,574,753,983,1246,1560,1929,2306,2711,3083,3422,3668,3839,3896,3859,3816,3865,3963,4001,4051,4201,4326,4515,4614,4655,4839,5038,5407,5857,6284,7031,8099,9187,9874,10401,11283,12471,14201,16036,17584,19027,20708,22587,24055,25346,26991,28316,29747,31181,32231,33489,35041,37007,39131,41574,45743,43994,40424,43140,46941,48521,47389,48269,49983,52055,53737,55442,58402,59774,61641,65344,69086,73412,76054,844273
0,0,2015,2613406,26329,1668,956,804,659,571,495,452,425,416,419,458,566,734,948,1226,1537,1877,2229,2599,2965,3277,3536,3747,3914,3922,3848,3829,3860,3980,4006,4099,4277,4382,4621,4757,4812,5028,5290,5728,6186,6658,7523,8678,9831,10550,11128,12058,13308,15080,17018,18595,20110,21789,23774,25277,26598,28305,29721,31237,32792,33977,35378,37058,39178,41395,43958,48383,46543,42798,45704,49777,51483,50253,51167,52912,55025,56721,58425,61410,62910,64404,68266,71998,76106,862715
0,0,2016,2643433,26213,1661,952,825,680,560,484,448,416,410,407,453,553,725,926,1208,1515,1848,2168,2506,2828,3160,3409,3634,3814,3937,3913,3854,3829,3896,3992,4069,4162,4331,4509,4757,4948,5020,5289,5598,6079,6578,7121,8048,9306,10519,11296,11876,12854,14130,16016,18003,19658,21180,22958,24959,26542,27893,29725,31216,32850,34564,35900,37449,39258,41469,43794,46510,51202,49283,45362,48486,52855,54649,53299,54205,55964,58131,59819,61484,64714,65771,67319,71165,74668,879399
0,0,2017,2673485,26080,1654,942,817,697,567,480,419,386,392,399,452,553,707,897,1173,1503,1817,2144,2442,2739,3045,3269,3485,3690,3841,3926,3919,3854,3866,3907,4055,4129,4224,4444,4638,4934,5141,5287,5607,5926,6435,7028,7642,8643,9947,11280,12071,12682,13661,15020,16942,19054,20711,22316,24123,26243,27857,29312,31224,32838,34642,36532,38015,39687,41586,43917,46356,49258,54262,52304,48162,51516,56133,57989,56500,57371,59157,61336,62995,64867,67686,68781,70196,73837,892924
0,0,2018,2704221,25949,1649,943,819,690,584,493,421,378,383,395,451,547,692,897,1127,1432,1798,2105,2400,2668,2923,3135,3342,3549,3696,3840,3952,3933,3888,3871,3954,4117,4186,4315,4575,4806,5145,5409,5585,5950,6306,6887,7545,8189,9257,10664,12047,12892,13491,14531,15926,17939,20084,21835,23483,25366,27569,29263,30796,32861,34637,36634,38717,40333,42095,44072,46539,49136,52241,57605,55567,51205,54744,59609,61517,59841,60687,62470,64649,66537,67889,70831,71766,72860,904117
0,0,2019,2735652,25801,1655,942,820,689,584,512,420,379,374,388,453,536,688,870,1119,1397,1733,2084,2382,2626,2853,3029,3212,3415,3556,3696,3855,3952,3952,3914,3927,4034,4167,4286,4471,4746,5006,5408,5725,5924,6308,6748,7383,8088,8786,9924,11387,12877,13693,14339,15396,16863,18921,21195,23001,24708,26669,28970,30767,32428,34666,36655,38841,41095,42797,44633,46753,49354,52133,55499,61251,59127,54453,58179,63278,65201,63348,64125,65890,68370,69684,71069,73932,74525,912763
0,0,2020,2768344,25624,1635,944,814,691,573,518,432,391,378,384,436,537,677,868,1114,1382,1684,1991,2337,2587,2811,2963,3103,3282,3439,3566,3712,3853,3975,3985,3954,3987,4082,4262,4445,4625,4955,5286,5732,6078,6284,6750,7236,7944,8683,9420,10602,12186,13698,14581,15209,16317,17787,19979,22332,24237,25959,28037,30462,32412,34223,36710,38903,41283,43653,45427,47382,49622,52392,55425,59031,65203,62913,57892,61778,67105,69077,67002,67690,69746,71630,72989,74220,76815,922026
0,0,2021,2802623,25427,1626,933,801,696,574,512,435,404,390,387,421,509,674,864,1084,1349,1643,1937,2232,2533,2771,2894,3030,3151,3291,3425,3580,3711,3889,3997,4017,4017,4053,4174,4408,4598,4824,5204,5586,6087,6450,6724,7261,7786,8515,9304,10081,11337,12966,14571,15452,16114,17228,18797,21088,23544,25482,27334,29527,32087,34232,36255,38990,41363,43869,46373,48280,50344,52736,55742,59012,62889,69449,66944,61542,65577,71149,73117,70784,71771,73139,75082,76280,77165,932753
0,0,2022,2838710,25226,1607,937,808,694,577,516,439,404,400,399,409,500,659,844,1070,1329,1617,1910,2179,2437,2715,2876,2966,3098,3190,3289,3441,3580,3749,3915,4048,4081,4066,4152,4330,4582,4794,5098,5531,5938,6445,6891,7236,7803,8346,9142,9955,10782,12086,13801,15451,16401,17028,18234,19842,22244,24792,26822,28766,31109,33929,36250,38522,41499,43999,46644,49300,51324,53534,56143,59392,62897,67025,73936,71213,65358,69566,75375,77307,75149,75286,76696,78506,79343,942941
0,0,2023,2876696,25012,1605,925,803,693,579,520,438,406,400,401,421,501,632,818,1074,1315,1597,1872,2132,2371,2620,2816,2933,3037,3119,3166,3307,3440,3613,3775,3957,4113,4152,4195,4301,4488,4764,5047,5412,5865,6293,6901,7418,7785,8357,8963,9792,10661,11483,12855,14636,16388,17341,18036,19266,20950,23424,26119,28266,30333,32859,35956,38583,41034,44164,46809,49648,52452,54625,57036,59864,63355,67061,71381,78692,75687,69382,73754,79746,82172,78881,78995,80222,81694,954742
0,0,2024,2916788,24786,1574,935,812,672,577,502,436,399,397,394,432,515,624,791,1028,1302,1588,1840,2116,2342,2533,2702,2888,2992,3047,3096,3172,3301,3475,3651,3834,4017,4164,4256,4318,4466,4675,5026,5357,5740,6212,6730,7432,7982,8349,8983,9606,10462,11362,12246,13660,15541,17342,18365,19050,20346,22069,24691,27494,29787,32079,34882,38277,41094,43723,47036,49850,52824,55870,58242,60857,63907,67586,71472,76001,83673,80411,73609,78074,84866,86308,82812,82683,83533,968638
0,0,2025,2959293,24551,1572,931,810,662,576,500,430,402,399,398,433,510,638,790,992,1256,1548,1826,2071,2292,2500,2629,2758,2945,3016,3059,3120,3193,3343,3526,3689,3897,4085,4298,4417,4477,4647,4942,5351,5685,6079,6661,7270,8001,8560,8961,9622,10285,11175,12112,12985,14504,16454,18391,19416,20143,21441,23275,25996,29002,31515,34035,37145,40814,43815,46586,50119,53102,56309,59598,62178,65016,68212,72066,76131,80862,88971,85374,77977,83180,89182,90645,86706,86135,984123
0,0,2026,3004170,24345,1557,919,792,659,579,498,435,405,398,399,428,501,656,810,982,1213,1498,1775,2053,2253,2471,2586,2677,2826,2955,3006,3060,3118,3223,3375,3565,3764,3943,4197,4449,4564,4688,4903,5257,5685,6030,6499,7181,7817,8585,9195,9619,10305,10961,11911,12878,13804,15364,17438,19458,20550,21265,22623,24531,27435,30682,33453,36252,39629,43561,46725,49676,53428,56631,60107,63665,66457,69451,72794,76816,81052,86020,94494,90519,83171,87450,93711,94974,90387,1002149
0,0,2027,3051672,24101,1550,918,776,661,550,492,440,403,398,401,428,502,641,800,1005,1189,1442,1722,2005,2234,2417,2553,2647,2752,2846,2947,3026,3059,3147,3268,3438,3622,3806,4068,4339,4607,4783,4946,5224,5568,6027,6459,7023,7722,8398,9240,9865,10292,10994,11683,12646,13681,14622,16297,18498,20600,21680,22426,23836,25877,29033,32598,35663,38741,42325,46486,49869,53008,57033,60489,64248,68102,71031,74155,77633,81823,86260,91440,100263,96651,87475,91927,98233,99053,1024546
0,0,2028,3101776,23892,1527,906,776,655,549,492,436,403,398,403,430,504,638,796,1010,1198,1427,1665,1944,2176,2394,2499,2611,2718,2773,2829,2962,3022,3099,3196,3312,3495,3690,3924,4197,4512,4813,5039,5250,5532,5910,6443,6989,7553,8304,9029,9910,10567,10983,11739,12438,13444,14513,15528,17285,19582,21765,22884,23652,25155,27413,30858,34784,38130,41394,45208,49643,53233,56593,60950,64706,68771,72827,75887,79127,82753,87149,91751,97070,107170,101731,92008,96405,102497,1055953
0,0,2029,3153862,23647,1524,908,778,658,540,483,431,397,388,400,410,493,634,789,1002,1231,1447,1646,1871,2117,2350,2463,2570,2671,2730,2757,2868,2969,3069,3141,3246,3390,3539,3800,4063,4357,4697,5076,5357,5574,5879,6325,6956,7509,8118,8943,9696,10614,11292,11731,12467,13208,14268,15398,16494,18323,20668,22965,24121,24949,26657,29145,32937,37184,40780,44246,48327,53041,56896,60553,65254,69300,73568,77841,81019,84403,88188,92754,97471,103869,112871,107058,96536,100652,1090907
0,0,2030,3208199,23459,1503,895,774,641,538,482,432,372,366,372,410,493,640,776,982,1204,1449,1655,1849,2037,2280,2448,2539,2619,2689,2715,2781,2860,3013,3110,3186,3324,3436,3656,3921,4202,4553,4980,5392,5683,5913,6277,6831,7488,8064,8749,9590,10398,11336,12052,12470,13271,14019,15161,16354,17487,19367,21838,24229,25477,26451,28344,31150,35262,39822,43634,47347,51683,56713,60894,64862,69918,74193,78683,83167,86486,90026,93933,98592,104400,109436,118830,112401,100833,1124052
0,0,2031,3265389,23278,1490,880,774,629,541,476,416,374,369,367,410,484,604,781,972,1184,1447,1678,1869,2021,2201,2352,2486,2591,2649,2669,2740,2785,2903,3064,3164,3257,3372,3552,3781,4075,4406,4817,5311,5718,6036,6347,6811,7353,8073,8704,9400,10287,11108,12096,12827,13275,14086,14944,16121,17362,18512,20476,23061,25591,27024,28183,30339,33373,37797,42640,46739,50684,55326,60799,65305,69565,74942,79426,84157,88840,92326,95985,99954,105766,110070,115299,124853,117502,1157088
0,0,2032,3323817,23109,1475,878,753,633,540,480,418,373,369,369,395,482,603,748,964,1176,1424,1649,1884,2031,2180,2269,2395,2552,2622,2644,2714,2745,2818,2958,3113,3231,3309,3478,3675,3938,4280,4664,5129,5618,6080,6479,6867,7323,7937,8690,9362,10087,11014,11859,12872,13642,14116,15010,15883,17150,18391,19569,21630,24364,27147,28800,30157,32528,35802,40498,45695,50067,54297,59333,65237,70090,74613,80292,84994,89950,94906,98484,102198,107355,111559,116011,121177,130569,1206648
0,0,2033,3383225,22962,1469,873,750,631,533,480,418,368,367,370,396,459,608,748,948,1160,1398,1622,1851,2039,2185,2245,2327,2475,2586,2605,2659,2708,2786,2872,2996,3175,3271,3417,3597,3834,4123,4512,4989,5460,5956,6520,7017,7409,7902,8554,9352,10053,10781,11761,12608,13730,14512,15020,15982,16890,18143,19461,20691,22856,25869,28953,30860,32359,34919,38392,43444,48990,53662,58277,63729,70055,75229,79976,85952,90898,96146,101301,104952,109891,113307,117634,121973,126764,1269223
0,0,2034,3442871,22827,1457,873,752,632,534,468,413,371,369,373,392,461,599,746,934,1146,1379,1609,1822,2018,2209,2262,2300,2386,2490,2554,2636,2676,2762,2844,2929,3065,3228,3393,3550,3739,3993,4359,4814,5275,5780,6395,7065,7551,7963,8517,9196,10037,10736,11531,12537,13449,14605,15495,16009,17000,17899,19207,20557,21866,24260,27575,31021,33127,34781,37503,41220,46588,52550,57627,62624,68486,75236,80653,85657,91964,97216,102691,107993,112960,116033,119528,123734,127640,1327170
0,0,2035,3502692,22698,1449,875,752,626,536,468,415,370,366,372,391,463,587,733,930,1126,1361,1587,1805,1994,2186,2278,2322,2372,2418,2488,2599,2637,2703,2808,2884,3003,3116,3338,3522,3665,3922,4232,4664,5108,5593,6203,6948,7608,8140,8603,9175,9887,10738,11486,12272,13343,14311,15579,16482,17054,18022,18958,20295,21741,23221,25886,29582,33324,35603,37352,40290,44251,50033,56474,61964,67349,73600,80731,86442,91722,98405,103888,109544,116366,119324,122470,125779,129537,1384948
0,0,2036,3558607,22615,1453,861,745,614,526,465,419,373,365,370,391,464,584,728,915,1105,1344,1557,1774,1975,2153,2246,2323,2369,2377,2391,2491,2590,2670,2753,2843,2949,3036,3212,3459,3639,3854,4143,4526,4926,5404,5994,6718,7472,8183,8770,9235,9822,10548,11459,12214,13079,14192,15249,16593,17549,18058,19057,20013,21457,23073,24755,27750,31767,35838,38247,40136,43245,47509,53742,60712,66635,72364,78957,86487,92528,98149,105181,110804,118060,122888,125915,128849,131670,1441687
0,0,2037,3613330,22521,1444,861,736,603,520,464,417,373,368,371,393,445,584,706,906,1087,1319,1524,1749,1925,2127,2209,2295,2388,2397,2364,2425,2516,2638,2731,2807,2905,2985,3115,3334,3575,3817,4075,4424,4788,5215,5793,6494,7235,8040,8852,9428,9906,10501,11275,12209,13012,13906,15151,16281,17671,18594,19101,20142,21140,22773,24612,26560,29835,34184,38494,41113,43107,46452,51073,57808,65328,71633,77647,84641,92644,99049,104939,112260,119553,124741,129734,132549,134961,1498463
0,0,2038,3666252,22456,1425,856,727,606,517,462,418,369,367,368,380,447,563,699,888,1064,1298,1496,1730,1905,2098,2190,2265,2347,2396,2371,2378,2415,2529,2667,2760,2850,2949,3093,3233,3456,3760,4026,4361,4678,5064,5599,6295,7007,7799,8663,9498,10109,10600,11226,12007,13011,13848,14862,16152,17342,18721,19689,20192,21277,22447,24292,26405,28565,32114,36766,41429,44203,46326,49961,54973,62222,70261,76909,83297,90702,99227,105980,112089,121238,126395,131743,136612,138881,1556391
0,0,2039,3716750,22388,1430,855,720,595,523,464,402,366,366,369,380,440,542,688,868,1063,1276,1474,1687,1862,2057,2131,2218,2316,2371,2374,2402,2382,2469,2583,2703,2818,2902,3031,3209,3362,3615,3967,4315,4596,4946,5424,6073,6792,7530,8411,9329,10199,10817,11319,11952,12800,13862,14797,15839,17217,18396,19835,20807,21342,22600,23967,26090,28432,30770,34563,39571,44556,47546,49871,53827,59203,66963,75480,82540,89314,97225,106239,113267,121175,128225,133540,138765,143175,1615580
0,0,2040,3764622,22303,1413,862,719,601,518,453,404,367,366,366,368,429,540,683,864,1043,1246,1453,1665,1838,2017,2108,2202,2289,2326,2341,2400,2393,2422,2502,2639,2779,2859,2970,3146,3322,3515,3822,4218,4553,4889,5309,5892,6553,7301,8139,9040,10002,10903,11544,12069,12764,13640,14805,15798,16903,18281,19473,20967,21987,22677,24144,25754,28089,30671,33138,37221,42593,47947,51223,53762,58006,63747,71961,81027,88565,95798,104169,113617,122574,128233,135554,140722,145492,1676355
0,0,2041,3809380,22241,1407,863,713,594,507,454,403,367,367,368,368,417,541,679,839,1024,1228,1433,1640,1813,1985,2083,2141,2238,2298,2292,2369,2403,2433,2469,2541,2686,2813,2950,3093,3269,3460,3721,4085,4483,4824,5244,5774,6360,7053,7885,8753,9706,10705,11655,12293,12879,13584,14587,15827,16856,17956,19358,20598,22169,23371,24235,25959,27758,30326,33044,35734,40088,45876,51677,55226,57970,62494,68560,77301,86964,95047,102703,111463,123106,129772,135608,142914,147603,1736437
0,0,2042,3850740,22174,1403,856,718,596,501,439,406,370,366,371,363,418,534,659,842,1001,1205,1398,1596,1769,1946,2045,2115,2209,2259,2268,2317,2377,2434,2479,2507,2594,2718,2892,3057,3198,3407,3674,3983,4323,4745,5176,5688,6227,6854,7619,8500,9397,10381,11446,12417,13156,13732,14553,15583,16889,17921,19023,20472,21774,23552,24985,26056,27995,29982,32695,35647,38514,43199,49472,55778,59600,62514,67253,73688,83018,93401,101936,109969,120894,130383,137288,143012,149964,1795605
0,0,2043,3888755,22088,1407,849,717,595,496,436,407,370,364,370,352,415,527,645,815,997,1191,1375,1570,1743,1922,1992,2074,2176,2215,2225,2289,2324,2409,2486,2521,2569,2646,2818,3008,3178,3362,3614,3940,4201,4588,5076,5629,6123,6718,7385,8201,9125,10064,11112,12191,13272,14018,14691,15556,16656,17952,19005,20104,21656,23153,25193,26888,28122,30254,32341,35309,38447,41525,46627,53408,60223,64288,67311,72324,79180,89194,100241,109217,119401,128125,138006,144852,150151,1854155
0,0,2044,3921824,22018,1394,827,722,595,503,440,410,373,365,368,354,401,515,640,792,972,1161,1336,1545,1708,1883,1950,2048,2123,2181,2190,2256,2286,2353,2438,2529,2570,2592,2714,2908,3133,3318,3550,3885,4152,4455,4923,5523,6069,6613,7259,7980,8811,9764,10772,11845,13047,14163,15029,15740,16634,17695,19024,20091,21272,23027,24765,27132,29022,30409,32677,34953,38094,41474,44828,50376,57713,64999,69251,72423,77756,85123,95785,107455,118714,126592,135670,145663,152120,1908596
0,0,2045,3950916,21952,1393,832,705,586,495,445,391,355,351,349,350,395,519,633,788,950,1153,1315,1497,1671,1836,1925,1982,2096,2143,2142,2209,2264,2327,2411,2490,2573,2619,2676,2829,3015,3257,3519,3801,4099,4415,4772,5339,5969,6555,7136,7834,8573,9415,10455,11463,12662,13918,15157,16093,16842,17691,18772,20145,21252,22645,24645,26695,29323,31415,32867,35334,37739,41132,44821,48470,54452,62303,70043,74548,77900,83653,91478,102744,116892,125919,134115,143280,153048,1961659
0,0,2046,3975955,21881,1393,835,710,593,496,443,396,354,354,352,348,397,518,619,780,924,1133,1299,1474,1642,1802,1875,1950,2051,2098,2113,2169,2200,2284,2371,2444,2540,2620,2673,2763,2940,3152,3473,3760,4044,4315,4728,5212,5756,6458,7088,7707,8408,9182,10102,11136,12290,13533,14926,16264,17211,17896,18767,19878,21309,22614,24245,26579,28877,31725,33950,35566,38158,40761,44465,48475,52430,58830,67181,75434,80243,83858,89957,98186,111885,124048,133459,141703,150612,2012285
0,0,2047,3999058,21778,1376,837,709,584,494,430,396,345,346,345,351,398,506,616,771,930,1094,1270,1467,1597,1760,1852,1921,2025,2054,2063,2134,2175,2261,2331,2404,2501,2574,2704,2782,2881,3074,3359,3700,4004,4255,4661,5136,5629,6233,6976,7644,8278,9022,9835,10764,11942,13131,14530,16021,17413,18313,19020,19878,21033,22698,24227,26151,28759,31287,34344,36772,38435,41255,44109,48122,52449,56673,63456,72396,81238,86429,90244,96607,107033,118767,131523,141057,149011,2059103
0,0,2048,4015926,21688,1375,840,714,573,484,432,381,334,334,333,350,399,488,622,770,900,1093,1237,1422,1569,1734,1814,1875,1976,2020,2039,2092,2130,2196,2284,2364,2452,2537,2639,2798,2902,3021,3248,3590,3933,4221,4580,5084,5566,6061,6744,7539,8199,8855,9652,10478,11542,12752,14103,15570,17156,18542,19461,20118,21043,22406,24332,26149,28310,31185,33885,37199,39771,41575,44674,47773,52107,56747,61177,68413,78009,87559,93056,96975,105430,113697,125973,139055,148399,2098822
0,0,2049,4028693,21584,1362,824,713,574,487,432,388,334,334,335,342,397,492,595,741,904,1063,1232,1398,1546,1693,1774,1850,1925,1976,1976,2059,2102,2159,2249,2338,2418,2494,2606,2760,2889,3039,3201,3488,3793,4149,4540,4978,5478,5991,6585,7279,8106,8802,9487,10294,11234,12336,13711,15132,16695,18294,19702,20606,21298,22400,24017,26259,28330,30719,33794,36729,40253,43036,45035,48395,51768,56392,61278,65993,73770,84119,94339,100072,105953,112042,120639,133223,146341,2134234
0,0,2050,4038103,21477,1355,822,697,575,490,434,388,335,328,331,339,389,481,581,730,862,1056,1208,1372,1503,1657,1749,1804,1886,1948,1946,2005,2050,2121,2209,2281,2386,2449,2566,2724,2876,3042,3219,3431,3678,4007,4456,4938,5370,5924,6512,7109,7847,8666,9433,10142,11040,12014,13258,14725,16234,17818,19432,20848,21805,22694,24007,25941,28462,30759,33310,36659,39780,43604,46644,48820,52481,56051,60934,66133,71191,79588,90677,101506,109436,112657,118960,127658,140244,2164549
0,0,2051,4046551,21388,1351,824,703,577,491,436,387,340,330,332,331,365,479,579,734,862,1036,1172,1333,1472,1631,1710,1771,1846,1899,1894,1970,2022,2083,2172,2240,2343,2407,2540,2681,2845,3002,3223,3438,3627,3895,4324,4859,5345,5852,6423,7025,7641,8406,9296,10089,10874,11826,12932,14274,15820,17334,18937,20609,22104,23263,24368,25993,28170,30959,33414,36195,39779,43153,47334,50647,52987,56883,60637,65845,71436,76901,85895,97686,111166,116492,119721,126000,134505,2186391
0,0,2052,4052034,21266,1346,823,682,570,492,439,387,340,332,335,333,367,482,579,735,850,1016,1160,1335,1464,1610,1675,1745,1820,1871,1867,1922,1974,2046,2136,2199,2303,2385,2495,2620,2771,2964,3176,3474,3664,3839,4208,4718,5273,5776,6328,6942,7575,8226,9025,9953,10840,11666,12734,13950,15357,16899,18451,20094,21844,23603,24985,26367,28227,30661,33623,36330,39281,43171,46858,51419,54987,57487,61570,65544,71156,77204,83047,92594,107107,118371,123840,126840,132816,2199198
0,0,2053,4054585,21166,1330,828,677,560,487,439,391,339,334,338,334,364,488,576,716,840,1004,1141,1303,1424,1576,1644,1692,1770,1828,1820,1888,1949,2007,2093,2151,2257,2335,2435,2596,2739,2895,3138,3409,3673,3865,4137,4582,5104,5710,6278,6863,7487,8119,8807,9650,10693,11602,12585,13721,14987,16399,17980,19591,21304,23298,25343,27069,28677,30737,33318,36583,39447,42660,46906,50948,55869,59668,62253,66594,70872,76942,83430,89563,101603,114092,125890,131261,133760,2207364
0,0,2054,4055334,21042,1333,821,670,558,489,438,392,338,337,338,335,364,483,559,714,841,992,1142,1271,1406,1551,1606,1669,1748,1789,1785,1872,1897,1962,2058,2121,2230,2302,2405,2544,2707,2877,3088,3372,3631,3890,4160,4508,4961,5533,6216,6818,7395,8041,8728,9442,10383,11459,12531,13573,14789,16019,17468,19077,20773,22732,25050,27465,29413,31222,33424,36280,39762,42851,46375,51032,55392,60658,64653,67363,72036,76667,83191,90030,98391,108291,121383,133489,138481,2213862
0,0,2055,4054042,20935,1320,822,673,549,492,426,394,340,341,339,328,359,473,561,696,803,977,1109,1271,1385,1521,1579,1633,1725,1761,1756,1820,1861,1931,2012,2074,2180,2262,2354,2508,2664,2838,3050,3323,3577,3832,4173,4541,4903,5387,6006,6728,7307,7936,8645,9348,10140,11141,12382,13521,14610,15795,17084,18537,20253,22165,24449,27144,29848,32068,33995,36408,39446,43229,46609,50481,55493,60176,65751,69999,72903,77987,82950,89808,98987,104903,115247,128758,140872,2223075
0,0,2056,4051282,20820,1311,813,674,546,468,429,391,342,340,340,321,363,463,566,673,801,966,1087,1247,1372,1498,1555,1600,1689,1723,1726,1788,1811,1876,1975,2046,2149,2220,2328,2477,2617,2782,3017,3288,3526,3774,4120,4569,4951,5334,5830,6529,7219,7869,8526,9254,10054,10889,12021,13357,14555,15626,16843,18142,19665,21634,23853,26500,29553,32578,34912,37042,39613,42897,47052,50742,54945,60329,65266,71208,75775,78964,84419,89616,98837,105586,111701,122284,135932,2232893
0,0,2057,4047808,20717,1300,802,676,549,462,410,392,341,342,343,320,366,449,544,679,806,941,1080,1223,1346,1487,1545,1579,1660,1684,1695,1751,1785,1850,1932,1996,2097,2179,2276,2421,2574,2710,2948,3249,3470,3739,4089,4518,4957,5345,5787,6335,7015,7782,8442,9143,9946,10802,11753,12984,14421,15568,16658,17882,19236,21016,23260,25856,28868,32247,35486,38059,40296,43091,46702,51243,55272,59740,65450,70698,77126,82120,85526,91248,98717,105478,112485,118564,129148,2236734
0,0,2058,4044175,20599,1291,804,675,551,464,412,396,345,344,342,320,367,446,536,681,785,948,1058,1213,1319,1464,1510,1565,1627,1658,1638,1711,1752,1800,1894,1984,2065,2124,2233,2400,2516,2689,2895,3173,3418,3677,4024,4443,4910,5385,5800,6272,6821,7550,8351,9050,9833,10684,11679,12718,13993,15434,16602,17701,18989,20557,22627,25258,28197,31517,35149,38707,41453,43873,46954,50906,55814,60133,64857,70965,76637,83647,88987,92497,100618,105397,112399,119436,125256,2232406
0,0,2059,4040844,20480,1278,800,676,552,450,414,393,344,342,342,320,363,447,524,686,786,921,1050,1188,1303,1439,1489,1531,1594,1622,1620,1685,1699,1789,1849,1927,2025,2098,2192,2343,2464,2634,2869,3137,3360,3632,3962,4403,4864,5315,5849,6316,6771,7337,8130,8936,9762,10567,11550,12622,13718,14987,16464,17635,18795,20288,22144,24579,27562,30809,34377,38349,42165,45133,47817,51194,55491,60764,65305,70341,76961,83162,90680,96287,102094,107482,112361,119393,126222,2223244
0,0,2060,4038790,20386,1269,781,651,549,448,413,397,347,344,342,321,364,453,524,653,785,914,1021,1182,1280,1411,1456,1506,1572,1614,1594,1640,1677,1738,1805,1899,1979,2044,2138,2286,2435,2582,2820,3088,3315,3562,3917,4337,4775,5258,5783,6332,6811,7260,7901,8713,9635,10481,11412,12500,13626,14713,16006,17483,18730,20086,21867,24063,26830,30131,33619,37544,41809,45950,49212,52150,55832,60429,66011,70860,76303,83540,90226,98193,106373,109090,114642,119408,126234,2215130
0,1,2012,1266654,14817,914,518,449,408,334,283,246,224,221,231,281,357,491,655,876,1166,1497,1840,2178,2492,2706,2792,2786,2784,2811,2828,2812,2806,2868,2883,2970,2974,2911,2965,3018,3174,3332,3521,3891,4420,4953,5293,5562,6009,6645,7588,8610,9497,10361,11387,12546,13472,14258,15261,16016,16808,17534,17994,18519,19166,20043,21013,22199,24326,23254,21185,22401,24148,24710,23856,24070,24804,25684,26284,26938,28141,28598,29181,30696,32113,33596,34390,34814,35492,295509
0,1,2013,1284788,14853,925,512,442,384,323,285,246,222,220,229,276,354,491,636,868,1124,1426,1759,2095,2389,2635,2798,2832,2801,2782,2764,2805,2781,2794,2841,2882,2971,2967,2939,3004,3094,3255,3466,3677,4092,4663,5252,5639,5915,6416,7094,8094,9197,10131,11036,12081,13280,14211,15017,16015,16795,17579,18322,18771,19342,20047,21001,22068,23335,25557,24415,22236,23507,25357,25975,25092,25333,26106,26996,27615,28244,29452,29841,30360,31864,33131,34607,35268,35467,306825
0,1,2014,1302581,14803,946,528,439,378,319,287,248,226,222,229,256,342,476,638,843,1096,1375,1685,2008,2298,2552,2732,2839,2845,2797,2731,2738,2768,2754,2770,2823,2874,2965,3000,2997,3090,3176,3390,3638,3869,4307,4936,5592,6010,6310,6842,7582,8646,9806,10786,11723,12785,14005,14963,15777,16789,17560,18369,19120,19610,20253,21029,22076,23200,24521,26847,25644,23347,24701,26675,27348,26434,26678,27463,28382,28976,29575,30757,31062,31546,32891,34139,35515,35955,317059
0,1,2015,1320296,14730,929,540,453,371,310,269,247,227,224,226,257,338,462,618,838,1073,1345,1618,1912,2210,2436,2626,2774,2855,2837,2751,2711,2691,2738,2730,2750,2835,2871,3003,3060,3068,3163,3312,3545,3813,4077,4577,5259,5967,6396,6746,7327,8091,9223,10448,11454,12418,13498,14786,15744,16563,17578,18354,19181,19991,20553,21248,22116,23226,24402,25767,28230,26962,24559,26010,28110,28834,27854,28093,28881,29801,30363,30910,32040,32309,32582,33914,35066,36229,326793
0,1,2016,1338061,14654,921,544,463,385,314,266,246,230,227,226,256,325,455,603,817,1063,1312,1570,1840,2104,2350,2532,2684,2783,2845,2790,2722,2663,2679,2717,2726,2764,2830,2919,3061,3149,3148,3305,3468,3740,4024,4327,4874,5629,6360,6846,7225,7813,8637,9831,11095,12131,13131,14263,15548,16537,17333,18385,19184,20064,20953,21569,22361,23296,24448,25669,27103,29690,28370,25870,27413,29652,30409,29348,29562,30343,31255,31757,32227,33357,33397,33618,34849,35792,335820
0,1,2017,1355733,14578,916,531,453,393,315,260,223,206,208,216,258,324,436,576,791,1048,1295,1548,1794,2024,2251,2420,2570,2684,2779,2797,2764,2676,2649,2655,2714,2737,2753,2863,2963,3133,3222,3291,3466,3640,3937,4278,4628,5211,6004,6820,7338,7718,8347,9216,10452,11764,12835,13872,15016,16353,17331,18151,19219,20063,21032,22001,22711,23565,24528,25740,27015,28536,31259,29920,27299,28944,31295,32051,30895,31074,31843,32708,33133,33590,34502,34478,34558,35591,343492
0,1,2018,1373872,14498,904,530,454,383,322,267,225,200,205,214,257,321,437,580,762,1002,1274,1521,1753,1969,2155,2319,2460,2583,2673,2727,2768,2728,2658,2625,2650,2726,2733,2783,2927,3051,3224,3370,3452,3648,3841,4190,4568,4936,5569,6430,7301,7838,8255,8912,9810,11097,12467,13580,14623,15798,17157,18145,18972,20121,21057,22104,23184,23959,24844,25846,27114,28456,30070,32984,31592,28831,30562,33006,33778,32504,32631,33351,34153,34573,34765,35647,35473,35313,350127
0,1,2019,1392356,14396,905,529,457,384,325,277,228,201,198,209,257,324,437,564,750,970,1223,1496,1743,1933,2102,2226,2362,2478,2567,2626,2701,2735,2695,2652,2624,2665,2719,2762,2853,2999,3128,3361,3535,3623,3844,4088,4463,4879,5286,5974,6893,7819,8379,8798,9486,10411,11755,13189,14331,15397,16589,17978,18992,19879,21105,22137,23302,24470,25273,26193,27249,28573,29999,31745,34854,33398,30465,32254,34803,35564,34160,34199,34851,35677,35813,35940,36693,36267,355723
0,1,2020,1411444,14290,883,529,449,385,312,281,235,208,201,207,247,326,423,564,747,954,1188,1429,1699,1902,2064,2176,2279,2378,2473,2532,2599,2664,2703,2690,2637,2638,2658,2753,2834,2928,3086,3279,3533,3715,3823,4089,4364,4793,5231,5666,6407,7371,8361,8947,9372,10077,11036,12450,13933,15115,16162,17384,18805,19901,20872,22210,23362,24626,25838,26671,27643,28748,30144,31699,33560,36871,35307,32169,34023,36663,37406,35835,35767,36434,36978,37050,37020,37546,361637
0,1,2021,1431329,14172,889,517,436,389,311,277,237,215,208,210,234,300,419,559,729,940,1152,1384,1621,1861,2037,2129,2214,2278,2356,2420,2505,2564,2649,2694,2668,2649,2631,2688,2817,2900,2999,3226,3431,3713,3924,4073,4367,4683,5133,5610,6091,6849,7901,8925,9535,9964,10699,11703,13168,14700,15877,16970,18216,19714,20914,21969,23467,24701,26013,27294,28175,29197,30357,31882,33541,35525,39015,37319,33966,35872,38594,39274,37514,37449,37801,38287,38194,37913,368366
0,1,2022,1452078,14058,869,519,439,386,313,280,239,215,212,216,232,294,408,540,713,917,1135,1369,1578,1781,1993,2105,2168,2226,2279,2323,2396,2470,2550,2643,2690,2685,2635,2666,2757,2890,2978,3155,3383,3607,3916,4171,4356,4689,5016,5511,6025,6510,7347,8440,9511,10145,10588,11358,12387,13914,15464,16666,17770,19111,20737,22016,23225,24838,26115,27508,28846,29771,30849,32128,33760,35527,37608,41268,39431,35827,37783,40555,41144,39322,38872,39161,39504,39144,374932
0,1,2023,1473678,13925,868,513,437,383,314,282,240,217,214,215,239,294,387,532,716,902,1118,1334,1542,1731,1909,2059,2142,2182,2225,2226,2298,2365,2454,2544,2622,2703,2687,2690,2732,2833,2964,3123,3312,3561,3811,4175,4469,4684,5017,5394,5925,6451,6982,7845,8992,10119,10776,11252,12039,13103,14645,16250,17482,18656,20089,21855,23300,24603,26274,27634,29102,30497,31496,32676,34051,35780,37624,39786,43614,41627,37762,39731,42518,43177,40845,40298,40419,40506,382313
0,1,2024,1496130,13797,846,514,439,369,319,268,242,216,216,215,247,303,389,504,680,901,1103,1311,1522,1705,1845,1971,2095,2142,2165,2172,2199,2265,2347,2455,2540,2635,2689,2727,2742,2810,2908,3112,3278,3492,3762,4055,4463,4809,5016,5403,5806,6333,6926,7471,8381,9577,10761,11463,11923,12728,13791,15391,17045,18338,19634,21199,23139,24689,26055,27827,29257,30783,32294,33374,34652,36114,37920,39836,42070,46070,43917,39740,41681,44667,44888,42374,41622,41478,390713
0,1,2025,1519519,13654,842,510,437,368,316,270,237,218,218,217,248,306,395,505,662,861,1079,1297,1492,1669,1812,1910,1997,2097,2141,2136,2148,2186,2250,2361,2433,2559,2639,2749,2799,2814,2883,3054,3279,3454,3679,4012,4364,4817,5143,5393,5814,6218,6811,7405,7967,8927,10192,11466,12159,12620,13410,14513,16138,17898,19320,20722,22448,24534,26165,27598,29476,30976,32611,34238,35414,36781,38293,40158,42133,44465,48635,46249,41717,43825,46459,46591,43791,42733,399739
0,1,2026,1543799,13532,829,497,431,369,317,267,241,220,216,218,241,296,407,516,654,832,1041,1264,1472,1645,1795,1877,1936,2009,2094,2093,2103,2115,2158,2249,2343,2465,2544,2678,2810,2860,2900,3034,3219,3460,3646,3922,4301,4697,5150,5543,5812,6226,6675,7287,7912,8492,9512,10852,12173,12885,13312,14115,15231,16964,18852,20390,21953,23827,26028,27744,29264,31231,32835,34600,36356,37617,39029,40587,42503,44555,46957,51245,48597,43908,45612,48255,48187,44995,409718
0,1,2027,1569089,13390,821,499,417,370,303,270,243,221,216,219,241,294,393,513,666,816,1005,1220,1440,1618,1759,1848,1908,1955,2012,2046,2076,2071,2102,2168,2252,2360,2449,2598,2739,2883,2962,3048,3194,3386,3653,3897,4214,4642,5033,5563,5975,6215,6699,7137,7778,8439,9049,10128,11544,12899,13589,14015,14816,16007,17872,19912,21631,23340,25299,27629,29443,31039,33140,34864,36760,38639,39939,41385,42986,44973,47076,49513,53884,51204,45724,47398,49939,49549,421668
0,1,2028,1595099,13261,805,489,416,365,304,270,243,220,216,221,243,298,389,506,661,816,988,1178,1388,1580,1729,1807,1884,1919,1949,1959,2029,2043,2058,2117,2157,2271,2366,2496,2662,2818,2966,3103,3201,3365,3577,3889,4200,4531,4978,5422,5992,6396,6698,7173,7633,8294,9002,9659,10782,12238,13630,14316,14722,15575,16879,18887,21140,22997,24778,26873,29330,31238,32942,35206,37074,39094,41038,42371,43858,45510,47555,49670,52085,56827,53362,47543,49075,51375,437929
0,1,2029,1621789,13117,799,489,417,368,295,263,237,212,209,221,232,291,388,499,664,839,995,1160,1335,1530,1698,1780,1842,1883,1915,1895,1951,2005,2035,2077,2109,2195,2255,2410,2571,2735,2896,3118,3259,3391,3559,3813,4192,4517,4870,5371,5866,6421,6885,7172,7655,8141,8855,9601,10297,11447,12923,14349,15034,15484,16428,17845,20062,22487,24451,26346,28555,31145,33189,35030,37465,39444,41549,43567,44921,46462,48144,50195,52283,54980,59262,55531,49256,50523,455637
0,1,2030,1649098,13013,796,488,413,352,293,263,237,199,199,205,230,290,393,490,644,822,997,1168,1313,1470,1638,1760,1820,1850,1886,1869,1887,1924,1990,2050,2065,2142,2182,2313,2464,2625,2813,3068,3274,3437,3574,3780,4103,4503,4846,5266,5804,6278,6915,7379,7664,8179,8690,9456,10231,10929,12101,13631,15084,15830,16334,17383,18982,21369,23938,26013,28016,30357,33118,35314,37309,39885,41955,44134,46221,47623,49198,50869,52871,55234,57367,61695,57576,50741,472021
0,1,2031,1677569,12906,782,474,415,341,297,259,220,201,200,199,230,279,368,491,639,803,992,1180,1327,1454,1583,1689,1781,1820,1848,1834,1855,1858,1910,2007,2036,2096,2134,2237,2367,2537,2710,2964,3229,3457,3644,3821,4095,4435,4857,5246,5695,6222,6774,7405,7893,8193,8738,9311,10102,10886,11580,12774,14340,15884,16723,17322,18512,20224,22766,25488,27706,29827,32313,35292,37644,39762,42474,44605,46873,49044,50473,52040,53647,55940,57683,59774,64031,59370,488132
0,1,2032,1706271,12810,768,473,394,345,296,261,221,198,199,200,226,281,370,474,626,799,976,1153,1339,1464,1560,1622,1708,1791,1836,1812,1826,1829,1850,1931,1997,2072,2089,2183,2291,2442,2625,2876,3127,3408,3669,3899,4118,4412,4783,5248,5682,6110,6715,7259,7931,8433,8764,9357,9942,10760,11536,12225,13451,15111,16791,17737,18452,19749,21572,24262,27160,29509,31776,34459,37651,40146,42369,45192,47411,49762,52012,53419,54919,56818,58446,60132,62054,66065,512255
0,1,2033,1734913,12713,761,465,391,343,291,261,222,199,197,200,226,271,373,475,627,779,960,1140,1301,1463,1566,1607,1661,1725,1797,1781,1783,1803,1815,1867,1913,2033,2059,2136,2237,2370,2528,2764,3035,3310,3602,3914,4212,4461,4769,5174,5689,6103,6587,7207,7762,8483,9036,9379,10014,10596,11395,12195,12883,14174,15988,17825,18909,19693,21072,23014,25879,28957,31455,33909,36793,40173,42815,45112,48041,50350,52811,55079,56420,58221,59403,60967,62455,64051,542438
0,1,2034,1763089,12638,751,466,393,344,291,248,221,200,198,202,222,273,363,471,611,781,938,1121,1285,1438,1574,1609,1627,1660,1725,1741,1770,1772,1803,1851,1870,1954,2022,2116,2200,2300,2433,2666,2921,3196,3492,3845,4228,4553,4795,5148,5599,6094,6567,7072,7721,8311,9093,9695,10042,10674,11230,12048,12836,13582,14995,16960,19011,20203,21042,22514,24564,27597,30883,33581,36219,39287,42866,45589,47970,51059,53470,55956,58195,59853,60900,61993,63350,64489,569653
0,1,2035,1790902,12561,739,469,394,342,293,249,223,200,196,201,223,274,353,456,605,760,921,1100,1267,1424,1559,1621,1649,1646,1679,1687,1732,1741,1756,1813,1835,1904,1952,2071,2177,2255,2381,2585,2819,3078,3378,3743,4168,4578,4894,5204,5597,6012,6592,7064,7564,8252,8904,9755,10365,10726,11323,11886,12689,13546,14372,15925,18110,20314,21573,22485,24043,26215,29470,32991,35893,38700,41946,45686,48530,51026,54251,56686,59155,61802,62645,63594,64457,65443,596160
0,1,2036,1816348,12506,743,455,390,343,282,249,224,202,197,202,223,274,349,452,590,738,915,1081,1245,1404,1525,1588,1641,1645,1643,1623,1657,1710,1727,1775,1799,1868,1886,1990,2133,2233,2337,2520,2724,2971,3260,3618,4040,4506,4927,5311,5631,5985,6480,7069,7550,8106,8842,9544,10451,11060,11361,11964,12515,13395,14334,15250,16995,19356,21709,23072,24020,25673,28007,31478,35274,38368,41320,44696,48609,51592,54204,57521,59921,62830,64664,65403,66107,66580,621691
0,1,2037,1840838,12455,732,454,391,331,278,247,222,201,198,202,225,256,350,445,582,739,899,1058,1226,1373,1503,1566,1623,1659,1660,1593,1614,1648,1704,1762,1777,1841,1852,1925,2051,2188,2310,2473,2664,2874,3131,3493,3903,4374,4856,5357,5737,6035,6452,6956,7568,8086,8679,9498,10243,11147,11744,12022,12614,13196,14168,15224,16292,18182,20706,23219,24662,25663,27428,29936,33667,37716,40977,44043,47582,51711,54833,57494,60847,63702,65779,67544,68024,68331,646866
0,1,2038,1863983,12414,723,448,381,333,277,247,225,197,198,198,210,257,343,444,583,717,879,1039,1204,1348,1482,1544,1592,1618,1647,1601,1577,1580,1630,1719,1744,1796,1824,1917,1981,2117,2265,2440,2624,2809,3046,3361,3779,4234,4717,5258,5787,6150,6516,6924,7449,8110,8663,9330,10183,10938,11828,12416,12672,13307,13972,15051,16258,17443,19458,22158,24842,26368,27432,29341,32037,36018,40303,43701,46918,50644,54990,58206,60867,64732,66738,68738,70285,70345,672298
0,1,2039,1885776,12366,725,449,374,322,282,246,218,197,197,198,209,251,327,433,562,715,868,1015,1181,1325,1451,1504,1563,1600,1633,1599,1591,1564,1588,1654,1700,1777,1794,1874,1972,2055,2182,2399,2584,2752,2969,3251,3643,4092,4556,5108,5706,6213,6651,6994,7428,7979,8699,9323,10009,10880,11621,12531,13099,13375,14093,14859,16089,17424,18673,20844,23720,26578,28221,29366,31427,34296,38514,43008,46569,49958,53899,58404,61656,64808,67845,69773,71556,72708,698065
0,1,2040,1905980,12321,715,452,371,325,273,246,219,196,196,196,201,247,325,427,558,695,847,1003,1157,1300,1425,1483,1543,1579,1593,1570,1578,1556,1551,1602,1654,1744,1768,1832,1931,2030,2118,2315,2532,2730,2936,3179,3530,3950,4414,4952,5533,6107,6707,7133,7497,7966,8572,9347,10004,10715,11570,12309,13213,13827,14178,15001,15896,17244,18676,20009,22323,25391,28458,30227,31475,33663,36683,41110,45847,49624,53198,57281,61903,65713,67974,70989,72672,74065,724515
0,1,2041,1924516,12275,707,449,373,326,275,250,223,198,196,198,201,247,324,422,537,696,827,992,1135,1277,1395,1464,1501,1541,1575,1540,1560,1567,1562,1581,1586,1687,1738,1821,1891,1991,2081,2249,2443,2683,2891,3135,3451,3823,4253,4784,5363,5947,6598,7202,7645,8047,8541,9231,10052,10715,11391,12254,12982,13960,14658,15094,16054,17052,18509,20038,21466,23905,27205,30495,32412,33733,36029,39192,43843,48873,52867,56578,60741,66043,68949,71144,73975,75253,750559
0,1,2042,1941111,12232,702,441,376,328,275,241,223,199,194,198,201,248,323,406,538,672,804,970,1109,1252,1373,1438,1478,1515,1538,1511,1519,1536,1549,1577,1568,1626,1668,1778,1877,1944,2047,2216,2377,2573,2842,3094,3390,3735,4133,4613,5202,5759,6420,7085,7722,8219,8644,9213,9921,10759,11402,12067,12936,13714,14792,15618,16155,17239,18302,19861,21493,22996,25630,29171,32732,34757,36140,38506,41821,46760,52099,56240,60032,64863,69339,72205,74174,76648,776028
0,1,2043,1956130,12188,701,442,373,325,272,239,223,199,195,201,203,248,316,405,533,670,804,943,1084,1228,1347,1393,1456,1494,1510,1489,1499,1504,1534,1585,1567,1599,1623,1725,1834,1923,2024,2174,2348,2506,2730,3035,3356,3673,4042,4473,5019,5582,6223,6902,7604,8297,8834,9307,9912,10636,11459,12089,12739,13675,14547,15762,16729,17351,18511,19654,21328,23052,24674,27512,31323,35128,37246,38643,41116,44621,49870,55466,59722,64161,68148,72651,75318,76894,801190
0,1,2044,1968875,12139,689,432,377,327,278,241,224,200,197,199,204,233,301,404,510,646,781,922,1062,1204,1320,1367,1431,1449,1481,1454,1477,1483,1496,1546,1571,1600,1585,1660,1760,1894,1990,2133,2308,2475,2659,2932,3289,3641,3978,4398,4871,5390,6038,6693,7417,8173,8928,9534,10039,10637,11321,12148,12761,13462,14508,15499,16910,17977,18656,19896,21129,22886,24737,26489,29561,33636,37660,39850,41280,43899,47616,53122,58918,63881,67443,71436,75821,78113,824593
0,1,2045,1979843,12098,683,436,358,314,267,243,214,190,189,187,199,227,304,397,508,643,771,906,1033,1180,1283,1343,1387,1423,1458,1427,1436,1461,1468,1525,1549,1604,1598,1643,1715,1815,1947,2109,2266,2439,2634,2843,3177,3579,3943,4316,4794,5227,5819,6490,7171,7966,8793,9623,10269,10778,11335,12015,12849,13493,14304,15471,16642,18188,19343,20071,21399,22675,24591,26592,28487,31753,36063,40295,42583,44092,46875,50761,56476,63077,67183,70744,74606,78677,847538
0,1,2046,1988994,12059,683,437,361,321,268,243,219,191,191,190,200,228,304,383,498,618,756,892,1012,1153,1262,1317,1356,1396,1422,1396,1409,1416,1445,1503,1507,1581,1593,1632,1675,1769,1886,2082,2237,2403,2573,2815,3096,3448,3883,4289,4710,5128,5663,6269,6961,7730,8582,9510,10386,11037,11477,12039,12698,13578,14338,15263,16621,17915,19561,20802,21596,22977,24375,26430,28596,30617,34070,38626,43085,45518,47118,50003,53991,60513,66376,70509,73909,77460,869359
0,1,2047,1996890,11999,674,436,358,310,265,231,216,192,193,194,203,229,301,382,487,622,729,867,1006,1126,1235,1290,1333,1372,1390,1371,1383,1394,1423,1464,1481,1548,1565,1645,1688,1733,1823,2009,2194,2374,2532,2781,3048,3384,3739,4211,4664,5047,5566,6099,6726,7503,8335,9275,10270,11176,11768,12199,12715,13440,14442,15306,16394,17900,19289,21075,22403,23215,24723,26232,28446,30752,32874,36497,41314,46074,48662,50291,53212,57908,63702,69690,73701,76777,888798
0,1,2048,2002472,11938,674,439,361,309,258,233,204,181,180,180,201,229,294,386,486,595,732,841,982,1102,1207,1264,1304,1346,1365,1347,1356,1370,1377,1435,1462,1519,1545,1596,1701,1747,1786,1937,2126,2333,2506,2722,3015,3333,3637,4070,4603,5002,5467,5987,6541,7249,8081,9019,10011,11038,11924,12498,12904,13469,14285,15421,16444,17659,19281,20802,22694,24108,24985,26623,28252,30615,33052,35243,39054,44205,49286,51971,53565,57129,61000,66916,72878,76599,905401
0,1,2049,2006425,11876,666,426,363,311,260,231,208,181,181,181,192,228,298,373,477,597,705,845,958,1077,1179,1237,1282,1298,1335,1302,1330,1342,1349,1414,1442,1496,1506,1581,1659,1734,1801,1908,2065,2246,2465,2690,2952,3281,3597,3973,4446,4947,5426,5890,6420,7057,7811,8759,9744,10778,11800,12683,13234,13651,14309,15264,16583,17734,19046,20799,22424,24425,25963,26919,28689,30418,32905,35443,37728,41811,47301,52672,55388,57557,60211,64112,70002,75776,920202
0,1,2050,2009096,11809,657,421,360,312,260,232,208,182,178,181,189,228,286,363,466,574,698,823,934,1053,1152,1213,1255,1271,1310,1277,1289,1313,1325,1383,1399,1472,1475,1559,1641,1720,1794,1918,2029,2173,2380,2649,2924,3217,3557,3931,4342,4779,5349,5845,6336,6932,7610,8467,9471,10489,11529,12538,13410,14009,14523,15294,16423,17889,19150,20561,22444,24155,26341,27985,29021,30907,32718,35309,37956,40414,44766,50575,56170,59569,60701,63322,67113,72812,932832
0,1,2051,2011744,11761,655,421,365,313,261,233,208,183,178,182,181,215,282,360,469,573,686,798,914,1025,1128,1184,1225,1241,1281,1249,1262,1286,1297,1360,1367,1449,1453,1537,1618,1698,1774,1919,2027,2138,2308,2564,2874,3197,3508,3879,4288,4655,5182,5769,6293,6833,7489,8249,9180,10230,11226,12272,13290,14223,14920,15555,16483,17753,19334,20698,22224,24219,26076,28440,30220,31303,33279,35143,37868,40715,43323,47923,54001,60485,62903,63907,66362,69882,941463
0,1,2052,2013362,11687,647,420,342,312,261,235,208,184,181,183,183,217,283,363,469,564,674,796,914,1014,1116,1159,1198,1219,1256,1223,1233,1259,1271,1332,1339,1411,1429,1512,1569,1651,1756,1887,2050,2166,2271,2490,2786,3163,3462,3822,4239,4619,5071,5589,6215,6806,7395,8122,8975,9921,10946,11970,13014,14106,15158,15974,16764,17823,19211,20910,22377,23987,26157,28163,30724,32608,33732,35766,37709,40633,43670,46401,51197,58203,63902,66250,66993,69131,945764
0,1,2053,2013896,11640,635,423,343,302,257,234,210,185,182,186,185,213,288,358,448,553,664,777,888,999,1095,1135,1170,1189,1224,1195,1208,1236,1242,1304,1314,1387,1406,1464,1551,1636,1710,1872,2005,2162,2284,2456,2700,3046,3429,3781,4183,4569,5013,5461,6030,6715,7356,8035,8830,9683,10622,11662,12697,13800,15025,16220,17233,18145,19287,20776,22621,24180,25931,28269,30461,33166,35138,36269,38390,40479,43608,46803,49590,55219,61517,67332,69495,69836,948079
0,1,2054,2013989,11561,635,419,339,302,259,235,210,183,182,183,185,211,287,342,445,552,651,776,864,978,1069,1111,1148,1170,1197,1165,1192,1206,1213,1281,1285,1360,1380,1441,1524,1609,1689,1826,1986,2140,2299,2465,2666,2968,3309,3751,4160,4518,4971,5411,5892,6526,7267,8004,8743,9552,10380,11332,12374,13476,14716,16098,17517,18643,19634,20885,22509,24457,26147,28032,30589,32900,35767,37810,38942,41237,43459,46759,50050,53539,58389,64848,70654,72478,950075
0,1,2055,2013590,11504,624,419,341,293,261,234,212,185,185,184,187,211,277,343,451,531,645,753,868,956,1048,1089,1120,1159,1173,1137,1163,1175,1185,1250,1257,1333,1354,1414,1499,1583,1667,1803,1954,2105,2259,2468,2681,2933,3225,3622,4102,4458,4904,5363,5847,6366,7064,7912,8719,9458,10239,11083,12020,13148,14363,15781,17387,18959,20205,21276,22624,24329,26471,28283,30347,33057,35499,38499,40619,41846,44294,46628,50022,54083,56641,61579,68082,73712,954001
0,1,2056,2012927,11430,614,409,341,289,250,237,211,186,185,184,188,213,266,346,425,531,645,741,845,941,1036,1064,1100,1133,1147,1129,1135,1144,1155,1223,1233,1305,1325,1388,1475,1560,1639,1787,1921,2075,2219,2430,2689,2956,3196,3515,3983,4402,4859,5288,5785,6316,6900,7679,8606,9422,10136,10933,11763,12770,14028,15417,17040,18833,20561,21889,23058,24481,26339,28660,30622,32823,35686,38232,41374,43652,44982,47556,49923,54097,57244,59770,64673,71055,958634
0,1,2057,2012455,11373,611,397,343,292,253,227,211,185,186,186,186,212,269,343,429,535,619,733,823,934,1025,1063,1076,1107,1118,1099,1110,1122,1128,1193,1204,1275,1296,1360,1447,1525,1590,1744,1901,2039,2200,2416,2652,2967,3198,3489,3865,4272,4806,5241,5710,6260,6858,7511,8364,9337,10115,10827,11611,12487,13628,15044,16654,18486,20429,22299,23741,24949,26521,28526,31045,33139,35445,38448,41092,44490,46943,48313,50941,54026,57293,60435,62802,67532,960279
0,1,2058,2012402,11307,613,398,343,293,253,227,212,187,186,185,186,214,267,337,429,513,625,709,825,910,1003,1038,1074,1086,1097,1069,1081,1092,1102,1168,1195,1259,1267,1331,1422,1482,1565,1713,1850,2010,2157,2370,2620,2932,3218,3496,3828,4157,4657,5183,5661,6192,6783,7479,8196,9070,10029,10806,11509,12348,13341,14636,16272,18080,20047,22162,24193,25723,27047,28736,30925,33607,35810,38209,41358,44220,47880,50450,51789,55175,57241,60508,63527,65603,958049
0,1,2059,2012941,11241,599,396,343,294,239,228,211,187,187,187,186,211,267,323,433,512,597,715,805,892,983,1018,1050,1061,1081,1049,1058,1064,1095,1137,1163,1231,1239,1301,1395,1454,1539,1690,1832,1971,2135,2327,2596,2901,3185,3520,3855,4128,4524,5047,5586,6144,6711,7403,8140,8894,9745,10715,11475,12230,13176,14337,15839,17677,19637,21772,24056,26213,27876,29321,31158,33506,36328,38614,41111,44525,47607,51476,54104,56142,58501,60491,63632,66397,953720
0,1,2060,2014452,11184,590,397,320,294,238,227,213,188,189,187,187,211,270,323,404,514,603,692,800,891,967,993,1027,1038,1071,1022,1030,1040,1068,1107,1139,1202,1211,1273,1365,1427,1513,1664,1807,1948,2087,2304,2551,2855,3144,3492,3865,4155,4484,4898,5447,6066,6667,7320,8070,8841,9570,10420,11387,12211,13068,14166,15516,17220,19198,21326,23648,26080,28432,30229,31802,33765,36229,39177,41574,44273,47961,51228,55243,58697,59538,61849,63648,66541,950376
0,2,2012,1255198,11611,706,395,359,310,266,236,201,194,192,193,217,248,285,343,408,491,589,664,749,846,924,959,980,1018,1055,1116,1150,1202,1277,1335,1426,1474,1490,1575,1657,1766,1935,2100,2364,2734,3094,3331,3532,3865,4302,4902,5548,6113,6592,7174,7806,8313,8740,9304,9761,10254,10773,11232,11723,12362,13144,13997,15015,16657,16176,15049,16230,17804,18576,18355,18920,19746,20795,21817,22863,24475,25460,26646,28889,31259,33922,36111,38243,40931,506357
0,2,2013,1268077,11660,726,397,354,307,266,237,202,193,192,192,212,237,280,344,405,469,563,655,732,806,898,965,996,1027,1053,1091,1146,1200,1252,1326,1390,1475,1538,1570,1657,1743,1888,2065,2246,2544,2932,3333,3590,3817,4155,4596,5205,5911,6433,6955,7529,8201,8690,9137,9735,10226,10781,11381,11892,12448,13132,14009,14934,16012,17742,17228,16028,17274,18983,19817,19601,20209,21085,22195,23258,24319,26012,27034,28272,30702,33021,35878,38127,40204,517555
0,2,2014,1280700,11633,733,407,354,302,264,242,203,195,193,192,199,232,277,345,403,464,554,621,703,785,870,936,1000,1051,1062,1085,1127,1195,1247,1281,1378,1452,1550,1614,1658,1749,1862,2017,2219,2415,2724,3163,3595,3864,4091,4441,4889,5555,6230,6798,7304,7923,8582,9092,9569,10202,10756,11378,12061,12621,13236,14012,14931,15931,17053,18896,18350,17077,18439,20266,21173,20955,21591,22520,23673,24761,25867,27645,28712,30095,32453,34947,37897,40099,527214
0,2,2015,1293110,11599,739,416,351,288,261,226,205,198,192,193,201,228,272,330,388,464,532,611,687,755,841,910,973,1059,1085,1097,1118,1169,1242,1276,1349,1442,1511,1618,1697,1744,1865,1978,2183,2373,2581,2946,3419,3864,4154,4382,4731,5217,5857,6570,7141,7692,8291,8988,9533,10035,10727,11367,12056,12801,13424,14130,14942,15952,16993,18191,20153,19581,18239,19694,21667,22649,22399,23074,24031,25224,26358,27515,29370,30601,31822,34352,36932,39877,535922
0,2,2016,1305372,11559,740,408,362,295,246,218,202,186,183,181,197,228,270,323,391,452,536,598,666,724,810,877,950,1031,1092,1123,1132,1166,1217,1275,1343,1398,1501,1590,1696,1799,1872,1984,2130,2339,2554,2794,3174,3677,4159,4450,4651,5041,5493,6185,6908,7527,8049,8695,9411,10005,10560,11340,12032,12786,13611,14331,15088,15962,17021,18125,19407,21512,20913,19492,21073,23203,24240,23951,24643,25621,26876,28062,29257,31357,32374,33701,36316,38876,543579
0,2,2017,1317752,11502,738,411,364,304,252,220,196,180,184,183,194,229,271,321,382,455,522,596,648,715,794,849,915,1006,1062,1129,1155,1178,1217,1252,1341,1392,1471,1581,1675,1801,1919,1996,2141,2286,2498,2750,3014,3432,3943,4460,4733,4964,5314,5804,6490,7290,7876,8444,9107,9890,10526,11161,12005,12775,13610,14531,15304,16122,17058,18177,19341,20722,23003,22384,20863,22572,24838,25938,25605,26297,27314,28628,29862,31277,33184,34303,35638,38246,549432
0,2,2018,1330349,11451,745,413,365,307,262,226,196,178,178,181,194,226,255,317,365,430,524,584,647,699,768,816,882,966,1023,1113,1184,1205,1230,1246,1304,1391,1453,1532,1648,1755,1921,2039,2133,2302,2465,2697,2977,3253,3688,4234,4746,5054,5236,5619,6116,6842,7617,8255,8860,9568,10412,11118,11824,12740,13580,14530,15533,16374,17251,18226,19425,20680,22171,24621,23975,22374,24182,26603,27739,27337,28056,29119,30496,31964,33124,35184,36293,37547,553990
0,2,2019,1343296,11405,750,413,363,305,259,235,192,178,176,179,196,212,251,306,369,427,510,588,639,693,751,803,850,937,989,1070,1154,1217,1257,1262,1303,1369,1448,1524,1618,1747,1878,2047,2190,2301,2464,2660,2920,3209,3500,3950,4494,5058,5314,5541,5910,6452,7166,8006,8670,9311,10080,10992,11775,12549,13561,14518,15539,16625,17524,18440,19504,20781,22134,23754,26397,25729,23988,25925,28475,29637,29188,29926,31039,32693,33871,35129,37239,38258,557040
0,2,2020,1356900,11334,752,415,365,306,261,237,197,183,177,177,189,211,254,304,367,428,496,562,638,685,747,787,824,904,966,1034,1113,1189,1272,1295,1317,1349,1424,1509,1611,1697,1869,2007,2199,2363,2461,2661,2872,3151,3452,3754,4195,4815,5337,5634,5837,6240,6751,7529,8399,9122,9797,10653,11657,12511,13351,14500,15541,16657,17815,18756,19739,20874,22248,23726,25471,28332,27606,25723,27755,30442,31671,31167,31923,33312,34652,35939,37200,39269,560389
0,2,2021,1371294,11255,737,416,365,307,263,235,198,189,182,177,187,209,255,305,355,409,491,553,611,672,734,765,816,873,935,1005,1075,1147,1240,1303,1349,1368,1422,1486,1591,1698,1825,1978,2155,2374,2526,2651,2894,3103,3382,3694,3990,4488,5065,5646,5917,6150,6529,7094,7920,8844,9605,10364,11311,12373,13318,14286,15523,16662,17856,19079,20105,21147,22379,23860,25471,27364,30434,29625,27576,29705,32555,33843,33270,34322,35338,36795,38086,39252,564387
0,2,2022,1386632,11168,738,418,369,308,264,236,200,189,188,183,177,206,251,304,357,412,482,541,601,656,722,771,798,872,911,966,1045,1110,1199,1272,1358,1396,1431,1486,1573,1692,1816,1943,2148,2331,2529,2720,2880,3114,3330,3631,3930,4272,4739,5361,5940,6256,6440,6876,7455,8330,9328,10156,10996,11998,13192,14234,15297,16661,17884,19136,20454,21553,22685,24015,25632,27370,29417,32668,31782,29531,31783,34820,36163,35827,36414,37535,39002,40199,568009
0,2,2023,1403018,11087,737,412,366,310,265,238,198,189,186,186,182,207,245,286,358,413,479,538,590,640,711,757,791,855,894,940,1009,1075,1159,1231,1335,1410,1465,1505,1569,1655,1800,1924,2100,2304,2482,2726,2949,3101,3340,3569,3867,4210,4501,5010,5644,6269,6565,6784,7227,7847,8779,9869,10784,11677,12770,14101,15283,16431,17890,19175,20546,21955,23129,24360,25813,27575,29437,31595,35078,34060,31620,34023,37228,38995,38036,38697,39803,41188,572429
0,2,2024,1420658,10989,728,421,373,303,258,234,194,183,181,179,185,212,235,287,348,401,485,529,594,637,688,731,793,850,882,924,973,1036,1128,1196,1294,1382,1475,1529,1576,1656,1767,1914,2079,2248,2450,2675,2969,3173,3333,3580,3800,4129,4436,4775,5279,5964,6581,6902,7127,7618,8278,9300,10449,11449,12445,13683,15138,16405,17668,19209,20593,22041,23576,24868,26205,27793,29666,31636,33931,37603,36494,33869,36393,40199,41420,40438,41061,42055,577925
0,2,2025,1439774,10897,730,421,373,294,260,230,193,184,181,181,185,204,243,285,330,395,469,529,579,623,688,719,761,848,875,923,972,1007,1093,1165,1256,1338,1446,1549,1618,1663,1764,1888,2072,2231,2400,2649,2906,3184,3417,3568,3808,4067,4364,4707,5018,5577,6262,6925,7257,7523,8031,8762,9858,11104,12195,13313,14697,16280,17650,18988,20643,22126,23698,25360,26764,28235,29919,31908,33998,36397,40336,39125,36260,39355,42723,44054,42915,43402,584384
0,2,2026,1460371,10813,728,422,361,290,262,231,194,185,182,181,187,205,249,294,328,381,457,511,581,608,676,709,741,817,861,913,957,1003,1065,1126,1222,1299,1399,1519,1639,1704,1788,1869,2038,2225,2384,2577,2880,3120,3435,3652,3807,4079,4286,4624,4966,5312,5852,6586,7285,7665,7953,8508,9300,10471,11830,13063,14299,15802,17533,18981,20412,22197,23796,25507,27309,28840,30422,32207,34313,36497,39063,43249,41922,39263,41838,45456,46787,45392,592431
0,2,2027,1482583,10711,729,419,359,291,247,222,197,182,182,182,187,208,248,287,339,373,437,502,565,616,658,705,739,797,834,901,950,988,1045,1100,1186,1262,1357,1470,1600,1724,1821,1898,2030,2182,2374,2562,2809,3080,3365,3677,3890,4077,4295,4546,4868,5242,5573,6169,6954,7701,8091,8411,9020,9870,11161,12686,14032,15401,17026,18857,20426,21969,23893,25625,27488,29463,31092,32770,34647,36850,39184,41927,46379,45447,41751,44529,48294,49504,602878
0,2,2028,1506677,10631,722,417,360,290,245,222,193,183,182,182,187,206,249,290,349,382,439,487,556,596,665,692,727,799,824,870,933,979,1041,1079,1155,1224,1324,1428,1535,1694,1847,1936,2049,2167,2333,2554,2789,3022,3326,3607,3918,4171,4285,4566,4805,5150,5511,5869,6503,7344,8135,8568,8930,9580,10534,11971,13644,15133,16616,18335,20313,21995,23651,25744,27632,29677,31789,33516,35269,37243,39594,42081,44985,50343,48369,44465,47330,51122,618024
0,2,2029,1532073,10530,725,419,361,290,245,220,194,185,179,179,178,202,246,290,338,392,452,486,536,587,652,683,728,788,815,862,917,964,1034,1064,1137,1195,1284,1390,1492,1622,1801,1958,2098,2183,2320,2512,2764,2992,3248,3572,3830,4193,4407,4559,4812,5067,5413,5797,6197,6876,7745,8616,9087,9465,10229,11300,12875,14697,16329,17900,19772,21896,23707,25523,27789,29856,32019,34274,36098,37941,40044,42559,45188,48889,53609,51527,47280,50129,635270
0,2,2030,1559101,10446,707,407,361,289,245,219,195,173,167,167,180,203,247,286,338,382,452,487,536,567,642,688,719,769,803,846,894,936,1023,1060,1121,1182,1254,1343,1457,1577,1740,1912,2118,2246,2339,2497,2728,2985,3218,3483,3786,4120,4421,4673,4806,5092,5329,5705,6123,6558,7266,8207,9145,9647,10117,10961,12168,13893,15884,17621,19331,21326,23595,25580,27553,30033,32238,34549,36946,38863,40828,43064,45721,49166,52069,57135,54825,50092,652031
0,2,2031,1587820,10372,708,406,359,288,244,217,196,173,169,168,180,205,236,290,333,381,455,498,542,567,618,663,705,771,801,835,885,927,993,1057,1128,1161,1238,1315,1414,1538,1696,1853,2082,2261,2392,2526,2716,2918,3216,3458,3705,4065,4334,4691,4934,5082,5348,5633,6019,6476,6932,7702,8721,9707,10301,10861,11827,13149,15031,17152,19033,20857,23013,25507,27661,29803,32468,34821,37284,39796,41853,43945,46307,49826,52387,55525,60822,58132,668956
0,2,2032,1617546,10299,707,405,359,288,244,219,197,175,170,169,169,201,233,274,338,377,448,496,545,567,620,647,687,761,786,832,888,916,968,1027,1116,1159,1220,1295,1384,1496,1655,1788,2002,2210,2411,2580,2749,2911,3154,3442,3680,3977,4299,4600,4941,5209,5352,5653,5941,6390,6855,7344,8179,9253,10356,11063,11705,12779,14230,16236,18535,20558,22521,24874,27586,29944,32244,35100,37583,40188,42894,45065,47279,50537,53113,55879,59123,64504,694393
0,2,2033,1648312,10249,708,408,359,288,242,219,196,169,170,170,170,188,235,273,321,381,438,482,550,576,619,638,666,750,789,824,876,905,971,1005,1083,1142,1212,1281,1360,1464,1595,1748,1954,2150,2354,2606,2805,2948,3133,3380,3663,3950,4194,4554,4846,5247,5476,5641,5968,6294,6748,7266,7808,8682,9881,11128,11951,12666,13847,15378,17565,20033,22207,24368,26936,29882,32414,34864,37911,40548,43335,46222,48532,51670,53904,56667,59518,62713,726785
0,2,2034,1679782,10189,706,407,359,288,243,220,192,171,171,171,170,188,236,275,323,365,441,488,537,580,635,653,673,726,765,813,866,904,959,993,1059,1111,1206,1277,1350,1439,1560,1693,1893,2079,2288,2550,2837,2998,3168,3369,3597,3943,4169,4459,4816,5138,5512,5800,5967,6326,6669,7159,7721,8284,9265,10615,12010,12924,13739,14989,16656,18991,21667,24046,26405,29199,32370,35064,37687,40905,43746,46735,49798,53107,55133,57535,60384,63151,757517
0,2,2035,1711790,10137,710,406,358,284,243,219,192,170,170,171,168,189,234,277,325,366,440,487,538,570,627,657,673,726,739,801,867,896,947,995,1049,1099,1164,1267,1345,1410,1541,1647,1845,2030,2215,2460,2780,3030,3246,3399,3578,3875,4146,4422,4708,5091,5407,5824,6117,6328,6699,7072,7606,8195,8849,9961,11472,13010,14030,14867,16247,18036,20563,23483,26071,28649,31654,35045,37912,40696,44154,47202,50389,54564,56679,58876,61322,64094,788788
0,2,2036,1742259,10109,710,406,355,271,244,216,195,171,168,168,168,190,235,276,325,367,429,476,529,571,628,658,682,724,734,768,834,880,943,978,1044,1081,1150,1222,1326,1406,1517,1623,1802,1955,2144,2376,2678,2966,3256,3459,3604,3837,4068,4390,4664,4973,5350,5705,6142,6489,6697,7093,7498,8062,8739,9505,10755,12411,14129,15175,16116,17572,19502,22264,25438,28267,31044,34261,37878,40936,43945,47660,50883,55230,58224,60512,62742,65090,819996
0,2,2037,1772492,10066,712,407,345,272,242,217,195,172,170,169,168,189,234,261,324,348,420,466,523,552,624,643,672,729,737,771,811,868,934,969,1030,1064,1133,1190,1283,1387,1507,1602,1760,1914,2084,2300,2591,2861,3184,3495,3691,3871,4049,4319,4641,4926,5227,5653,6038,6524,6850,7079,7528,7944,8605,9388,10268,11653,13478,15275,16451,17444,19024,21137,24141,27612,30656,33604,37059,40933,44216,47445,51413,55851,58962,62190,64525,66630,851597
0,2,2038,1802269,10042,702,408,346,273,240,215,193,172,169,170,170,190,220,255,305,347,419,457,526,557,616,646,673,729,749,770,801,835,899,948,1016,1054,1125,1176,1252,1339,1495,1586,1737,1869,2018,2238,2516,2773,3082,3405,3711,3959,4084,4302,4558,4901,5185,5532,5969,6404,6893,7273,7520,7970,8475,9241,10147,11122,12656,14608,16587,17835,18894,20620,22936,26204,29958,33208,36379,40058,44237,47774,51222,56506,59657,63005,66327,68536,884093
0,2,2039,1830974,10022,705,406,346,273,241,218,184,169,169,171,171,189,215,255,306,348,408,459,506,537,606,627,655,716,738,775,811,818,881,929,1003,1041,1108,1157,1237,1307,1433,1568,1731,1844,1977,2173,2430,2700,2974,3303,3623,3986,4166,4325,4524,4821,5163,5474,5830,6337,6775,7304,7708,7967,8507,9108,10001,11008,12097,13719,15851,17978,19325,20505,22400,24907,28449,32472,35971,39356,43326,47835,51611,56367,60380,63767,67209,70467,917515
0,2,2040,1858642,9982,698,410,348,276,245,207,185,171,170,170,167,182,215,256,306,348,399,450,508,538,592,625,659,710,733,771,822,837,871,900,985,1035,1091,1138,1215,1292,1397,1507,1686,1823,1953,2130,2362,2603,2887,3187,3507,3895,4196,4411,4572,4798,5068,5458,5794,6188,6711,7164,7754,8160,8499,9143,9858,10845,11995,13129,14898,17202,19489,20996,22287,24343,27064,30851,35180,38941,42600,46888,51714,56861,60259,64565,68050,71427,951840
0,2,2041,1884864,9966,700,414,340,268,232,204,180,169,171,170,167,170,217,257,302,328,401,441,505,536,590,619,640,697,723,752,809,836,871,888,955,999,1075,1129,1202,1278,1379,1472,1642,1800,1933,2109,2323,2537,2800,3101,3390,3759,4107,4453,4648,4832,5043,5356,5775,6141,6565,7104,7616,8209,8713,9141,9905,10706,11817,13006,14268,16183,18671,21182,22814,24237,26465,29368,33458,38091,42180,46125,50722,57063,60823,64464,68939,72350,985878
0,2,2042,1909629,9942,701,415,342,268,226,198,183,171,172,173,162,170,211,253,304,329,401,428,487,517,573,607,637,694,721,757,798,841,885,902,939,968,1050,1114,1180,1254,1360,1458,1606,1750,1903,2082,2298,2492,2721,3006,3298,3638,3961,4361,4695,4937,5088,5340,5662,6130,6519,6956,7536,8060,8760,9367,9901,10756,11680,12834,14154,15518,17569,20301,23046,24843,26374,28747,31867,36258,41302,45696,49937,56031,61044,65083,68838,73316,1019577
0,2,2043,1932625,9900,706,407,344,270,224,197,184,171,169,169,149,167,211,240,282,327,387,432,486,515,575,599,618,682,705,736,790,820,875,901,954,970,1023,1093,1174,1255,1338,1440,1592,1695,1858,2041,2273,2450,2676,2912,3182,3543,3841,4210,4587,4975,5184,5384,5644,6020,6493,6916,7365,7981,8606,9431,10159,10771,11743,12687,13981,15395,16851,19115,22085,25095,27042,28668,31208,34559,39324,44775,49495,55240,59977,65355,69534,73257,1052965
0,2,2044,1952949,9879,705,395,345,268,225,199,186,173,168,169,150,168,214,236,282,326,380,414,483,504,563,583,617,674,700,736,779,803,857,892,958,970,1007,1054,1148,1239,1328,1417,1577,1677,1796,1991,2234,2428,2635,2861,3109,3421,3726,4079,4428,4874,5235,5495,5701,5997,6374,6876,7330,7810,8519,9266,10222,11045,11753,12781,13824,15208,16737,18339,20815,24077,27339,29401,31143,33857,37507,42663,48537,54833,59149,64234,69842,74007,1084003
0,2,2045,1971073,9854,710,396,347,272,228,202,177,165,162,162,151,168,215,236,280,307,382,409,464,491,553,582,595,673,685,715,773,803,859,886,941,969,1021,1033,1114,1200,1310,1410,1535,1660,1781,1929,2162,2390,2612,2820,3040,3346,3596,3965,4292,4696,5125,5534,5824,6064,6356,6757,7296,7759,8341,9174,10053,11135,12072,12796,13935,15064,16541,18229,19983,22699,26240,29748,31965,33808,36778,40717,46268,53815,58736,63371,68674,74371,1114121
0,2,2046,1986961,9822,710,398,349,272,228,200,177,163,163,162,148,169,214,236,282,306,377,407,462,489,540,558,594,655,676,717,760,784,839,868,937,959,1027,1041,1088,1171,1266,1391,1523,1641,1742,1913,2116,2308,2575,2799,2997,3280,3519,3833,4175,4560,4951,5416,5878,6174,6419,6728,7180,7731,8276,8982,9958,10962,12164,13148,13970,15181,16386,18035,19879,21813,24760,28555,32349,34725,36740,39954,44195,51372,57672,62950,67794,73152,1142926
0,2,2047,2002168,9779,702,401,351,274,229,199,180,153,153,151,148,169,205,234,284,308,365,403,461,471,525,562,588,653,664,692,751,781,838,867,923,953,1009,1059,1094,1148,1251,1350,1506,1630,1723,1880,2088,2245,2494,2765,2980,3231,3456,3736,4038,4439,4796,5255,5751,6237,6545,6821,7163,7593,8256,8921,9757,10859,11998,13269,14369,15220,16532,17877,19676,21697,23799,26959,31082,35164,37767,39953,43395,49125,55065,61833,67356,72234,1170305
0,2,2048,2013454,9750,701,401,353,264,226,199,177,153,154,153,149,170,194,236,284,305,361,396,440,467,527,550,571,630,655,692,736,760,819,849,902,933,992,1043,1097,1155,1235,1311,1464,1600,1715,1858,2069,2233,2424,2674,2936,3197,3388,3665,3937,4293,4671,5084,5559,6118,6618,6963,7214,7574,8121,8911,9705,10651,11904,13083,14505,15663,16590,18051,19521,21492,23695,25934,29359,33804,38273,41085,43410,48301,52697,59057,66177,71800,1193421
0,2,2049,2022268,9708,696,398,350,263,227,201,180,153,153,154,150,169,194,222,264,307,358,387,440,469,514,537,568,627,641,674,729,760,810,835,896,922,988,1025,1101,1155,1238,1293,1423,1547,1684,1850,2026,2197,2394,2612,2833,3159,3376,3597,3874,4177,4525,4952,5388,5917,6494,7019,7372,7647,8091,8753,9676,10596,11673,12995,14305,15828,17073,18116,19706,21350,23487,25835,28265,31959,36818,41667,44684,48396,51831,56527,63221,70565,1214032
0,2,2050,2029007,9668,698,401,337,263,230,202,180,153,150,150,150,161,195,218,264,288,358,385,438,450,505,536,549,615,638,669,716,737,796,826,882,914,974,1007,1083,1156,1248,1301,1402,1505,1627,1807,2014,2153,2367,2581,2767,3068,3317,3588,3806,4108,4404,4791,5254,5745,6289,6894,7438,7796,8171,8713,9518,10573,11609,12749,14215,15625,17263,18659,19799,21574,23333,25625,28177,30777,34822,40102,45336,49867,51956,55638,60545,67432,1231717
0,2,2051,2034807,9627,696,403,338,264,230,203,179,157,152,150,150,150,197,219,265,289,350,374,419,447,503,526,546,605,618,645,708,736,786,812,873,894,954,1003,1063,1147,1228,1304,1411,1489,1587,1760,1985,2148,2344,2544,2737,2986,3224,3527,3796,4041,4337,4683,5094,5590,6108,6665,7319,7881,8343,8813,9510,10417,11625,12716,13971,15560,17077,18894,20427,21684,23604,25494,27977,30721,33578,37972,43685,50681,53589,55814,59638,64623,1244928
0,2,2052,2038672,9579,699,403,340,258,231,204,179,156,151,152,150,150,199,216,266,286,342,364,421,450,494,516,547,601,615,644,689,715,775,804,860,892,956,983,1051,1120,1208,1289,1424,1498,1568,1718,1932,2110,2314,2506,2703,2956,3155,3436,3738,4034,4271,4612,4975,5436,5953,6481,7080,7738,8445,9011,9603,10404,11450,12713,13953,15294,17014,18695,20695,22379,23755,25804,27835,30523,33534,36646,41397,48904,54469,57590,59847,63685,1253434
0,2,2053,2040689,9526,695,405,334,258,230,205,181,154,152,152,149,151,200,218,268,287,340,364,415,425,481,509,522,581,604,625,680,713,765,789,837,870,929,971,1045,1103,1185,1266,1404,1511,1581,1681,1882,2058,2281,2497,2680,2918,3106,3346,3620,3978,4246,4550,4891,5304,5777,6318,6894,7504,8273,9123,9836,10532,11450,12542,13962,15267,16729,18637,20487,22703,24530,25984,28204,30393,33334,36627,39973,46384,52575,58558,61766,63924,1259285
0,2,2054,2041345,9481,698,402,331,256,230,203,182,155,155,155,150,153,196,217,269,289,341,366,407,428,482,495,521,578,592,620,680,691,749,777,836,870,922,964,1020,1098,1188,1262,1386,1491,1591,1695,1842,1993,2224,2465,2658,2877,3070,3317,3550,3857,4192,4527,4830,5237,5639,6136,6703,7297,8016,8952,9948,10770,11588,12539,13771,15305,16704,18343,20443,22492,24891,26843,28421,30799,33208,36432,39980,44852,49902,56535,62835,66003,1263787
0,2,2055,2040452,9431,696,403,332,256,231,192,182,155,156,155,141,148,196,218,245,272,332,356,403,429,473,490,513,566,588,619,657,686,746,762,817,847,908,940,1009,1081,1171,1247,1369,1472,1573,1705,1860,1970,2162,2384,2626,2849,3032,3282,3501,3774,4077,4470,4802,5152,5556,6001,6517,7105,7802,8668,9757,10889,11863,12719,13784,15117,16758,18326,20134,22436,24677,27252,29380,31057,33693,36322,39786,44904,48262,53668,60676,67160,1269074
0,2,2056,2038355,9390,697,404,333,257,218,192,180,156,155,156,133,150,197,220,248,270,321,346,402,431,462,491,500,556,576,597,653,667,721,752,813,844,895,940,1002,1057,1143,1230,1367,1451,1555,1690,1880,1995,2138,2315,2546,2817,3010,3238,3469,3738,3989,4342,4751,5133,5490,5910,6379,6895,7606,8436,9460,10720,12017,13023,13984,15132,16558,18392,20120,22122,24643,27034,29834,32123,33982,36863,39693,44740,48342,51931,57611,64877,1274259
0,2,2057,2035353,9344,689,405,333,257,209,183,181,156,156,157,134,154,180,201,250,271,322,347,400,412,462,482,503,553,566,596,641,663,722,739,792,822,883,916,974,1049,1120,1204,1348,1431,1539,1673,1866,1990,2147,2298,2470,2743,2976,3201,3433,3686,3944,4242,4620,5084,5453,5831,6271,6749,7388,8216,9202,10382,11818,13187,14318,15347,16570,18176,20198,22133,24295,27002,29606,32636,35177,37213,40307,44691,48185,52050,55762,61616,1276455
0,2,2058,2031773,9292,678,406,332,258,211,185,184,158,158,157,134,153,179,199,252,272,323,349,388,409,461,472,491,541,561,569,630,660,698,726,789,806,857,902,978,1034,1124,1182,1323,1408,1520,1654,1823,1978,2167,2304,2444,2664,2893,3168,3389,3641,3901,4200,4522,4923,5405,5796,6192,6641,7216,7991,8986,10117,11470,12987,14514,15730,16826,18218,19981,22207,24323,26648,29607,32417,35767,38537,40708,45443,48156,51891,55909,59653,1274357
0,2,2059,2027903,9239,679,404,333,258,211,186,182,157,155,155,134,152,180,201,253,274,324,335,383,411,456,471,481,533,541,571,627,635,694,712,764,794,859,891,948,1010,1095,1179,1305,1389,1497,1635,1807,1963,2130,2329,2461,2643,2813,3083,3350,3618,3856,4147,4482,4824,5242,5749,6160,6565,7112,7807,8740,9885,11172,12605,14293,15952,17257,18496,20036,21985,24436,26691,29230,32436,35555,39204,42183,45952,48981,51870,55761,59825,1269524
0,2,2060,2024338,9202,679,384,331,255,210,186,184,159,155,155,134,153,183,201,249,271,311,329,382,389,444,463,479,534,543,572,610,637,670,698,760,777,833,865,921,1008,1069,1156,1281,1367,1475,1613,1786,1920,2114,2291,2467,2656,2776,3003,3266,3569,3814,4092,4430,4785,5143,5586,6096,6519,7018,7701,8547,9610,10933,12293,13896,15729,17518,18983,20348,22067,24200,26834,29286,32030,35579,38998,42950,47676,49552,52793,55760,59693,1264754
